,avg_price,date,nb_sold,size,type,year
0,0.95,2015-12-27,9626901.09,small,conventional,2015
1,0.98,2015-12-20,8710021.76,small,conventional,2015
2,0.93,2015-12-13,9855053.66,small,conventional,2015
3,0.89,2015-12-06,9405464.36,small,conventional,2015
4,0.99,2015-11-29,8094803.56,small,conventional,2015
5,0.96,2015-11-22,8571849.8,small,conventional,2015
6,0.92,2015-11-15,9907981.27,small,conventional,2015
7,0.97,2015-11-08,9991330.31,small,conventional,2015
8,0.97,2015-11-01,10138703.85,small,conventional,2015
9,1.04,2015-10-25,8683958.8,small,conventional,2015
10,0.99,2015-10-18,9162094.14,small,conventional,2015
11,1.0,2015-10-11,8828340.53,small,conventional,2015
12,1.02,2015-10-04,8353619.97,small,conventional,2015
13,1.03,2015-09-27,8454208.8,small,conventional,2015
14,1.02,2015-09-20,9422275.27,small,conventional,2015
15,1.03,2015-09-13,9875018.48,small,conventional,2015
16,1.02,2015-09-06,12569277.14,small,conventional,2015
17,1.07,2015-08-30,11650976.87,small,conventional,2015
18,1.08,2015-08-23,11283021.31,small,conventional,2015
19,1.05,2015-08-16,12680252.48,small,conventional,2015
20,1.05,2015-08-09,13003371.07,small,conventional,2015
21,1.09,2015-08-02,12115233.76,small,conventional,2015
22,1.07,2015-07-26,12196225.93,small,conventional,2015
23,1.07,2015-07-19,12742760.17,small,conventional,2015
24,1.07,2015-07-12,12384449.4,small,conventional,2015
25,1.04,2015-07-05,15643939.37,small,conventional,2015
26,1.06,2015-06-28,13299568.71,small,conventional,2015
27,1.02,2015-06-21,14699604.93,small,conventional,2015
28,0.98,2015-06-14,16383685.07,small,conventional,2015
29,1.0,2015-06-07,16529797.6,small,conventional,2015
30,1.03,2015-05-31,15503613.33,small,conventional,2015
31,1.04,2015-05-24,16000107.8,small,conventional,2015
32,1.06,2015-05-17,14615941.59,small,conventional,2015
33,1.02,2015-05-10,16215328.75,small,conventional,2015
34,0.96,2015-05-03,17787611.93,small,conventional,2015
35,1.07,2015-04-26,13833715.28,small,conventional,2015
36,1.03,2015-04-19,14251319.31,small,conventional,2015
37,1.02,2015-04-12,14793354.18,small,conventional,2015
38,1.06,2015-04-05,13939014.43,small,conventional,2015
39,1.04,2015-03-29,12524637.04,small,conventional,2015
40,1.01,2015-03-22,13697405.61,small,conventional,2015
41,1.04,2015-03-15,13149988.71,small,conventional,2015
42,1.02,2015-03-08,13013750.35,small,conventional,2015
43,0.97,2015-03-01,13282222.98,small,conventional,2015
44,1.02,2015-02-22,12628562.36,small,conventional,2015
45,1.03,2015-02-15,12626615.3,small,conventional,2015
46,0.95,2015-02-08,13308193.4,small,conventional,2015
47,0.89,2015-02-01,18933038.04,small,conventional,2015
48,1.04,2015-01-25,12167445.03,small,conventional,2015
49,1.03,2015-01-18,11858139.34,small,conventional,2015
50,1.01,2015-01-11,11544810.53,small,conventional,2015
51,0.95,2015-01-04,12357161.34,small,conventional,2015
52,1.0,2016-12-25,9255125.2,small,conventional,2016
53,0.96,2016-12-18,9394065.91,small,conventional,2016
54,0.98,2016-12-11,9009996.11,small,conventional,2016
55,1.0,2016-12-04,11043350.9,small,conventional,2016
56,1.21,2016-11-27,7891487.94,small,conventional,2016
57,1.27,2016-11-20,8531160.52,small,conventional,2016
58,1.36,2016-11-13,8235135.43,small,conventional,2016
59,1.44,2016-11-06,7804252.91,small,conventional,2016
60,1.43,2016-10-30,7100458.82,small,conventional,2016
61,1.34,2016-10-23,7579629.06,small,conventional,2016
62,1.3,2016-10-16,8810664.45,small,conventional,2016
63,1.27,2016-10-09,9552502.48,small,conventional,2016
64,1.23,2016-10-02,9534915.56,small,conventional,2016
65,1.22,2016-09-25,10548061.13,small,conventional,2016
66,1.15,2016-09-18,11337829.1,small,conventional,2016
67,1.08,2016-09-11,12962762.94,small,conventional,2016
68,1.04,2016-09-04,14643465.52,small,conventional,2016
69,1.09,2016-08-28,12561055.5,small,conventional,2016
70,1.1,2016-08-21,12725249.3,small,conventional,2016
71,1.12,2016-08-14,12352932.68,small,conventional,2016
72,1.15,2016-08-07,12197105.36,small,conventional,2016
73,1.23,2016-07-31,10168972.37,small,conventional,2016
74,1.2,2016-07-24,10331314.28,small,conventional,2016
75,1.15,2016-07-17,10320463.27,small,conventional,2016
76,1.1,2016-07-10,11457080.38,small,conventional,2016
77,1.06,2016-07-03,12508937.27,small,conventional,2016
78,1.04,2016-06-26,12189035.17,small,conventional,2016
79,1.02,2016-06-19,13488851.61,small,conventional,2016
80,1.04,2016-06-12,12291686.69,small,conventional,2016
81,0.97,2016-06-05,13808859.16,small,conventional,2016
82,0.94,2016-05-29,13682611.21,small,conventional,2016
83,0.93,2016-05-22,11711999.81,small,conventional,2016
84,0.89,2016-05-15,12447598.49,small,conventional,2016
85,0.82,2016-05-08,14223304.98,small,conventional,2016
86,0.84,2016-05-01,13748944.38,small,conventional,2016
87,0.87,2016-04-24,12913697.19,small,conventional,2016
88,0.9,2016-04-17,11954487.56,small,conventional,2016
89,0.9,2016-04-10,12879820.47,small,conventional,2016
90,0.94,2016-04-03,11320969.79,small,conventional,2016
91,0.94,2016-03-27,11249198.4,small,conventional,2016
92,0.93,2016-03-20,11134390.98,small,conventional,2016
93,0.93,2016-03-13,11661687.44,small,conventional,2016
94,0.95,2016-03-06,11824154.63,small,conventional,2016
95,0.91,2016-02-28,11907394.72,small,conventional,2016
96,0.94,2016-02-21,10015825.13,small,conventional,2016
97,0.88,2016-02-14,11913078.3,small,conventional,2016
98,0.76,2016-02-07,16573573.78,small,conventional,2016
99,0.93,2016-01-31,11098088.49,small,conventional,2016
100,0.95,2016-01-24,7020459.0,small,conventional,2016
101,0.94,2016-01-17,10036597.84,small,conventional,2016
102,0.93,2016-01-10,11441286.89,small,conventional,2016
103,0.86,2016-01-03,11616506.17,small,conventional,2016
104,0.98,2017-12-31,13109617.49,small,conventional,2017
105,1.18,2017-12-24,10027319.18,small,conventional,2017
106,1.07,2017-12-17,10704214.26,small,conventional,2017
107,1.03,2017-12-10,11943914.54,small,conventional,2017
108,1.09,2017-12-03,11746980.0,small,conventional,2017
109,1.24,2017-11-26,9175316.0,small,conventional,2017
110,1.17,2017-11-19,11173132.0,small,conventional,2017
111,1.15,2017-11-12,11512837.0,small,conventional,2017
112,1.19,2017-11-05,11042128.27,small,conventional,2017
113,1.29,2017-10-29,10596902.91,small,conventional,2017
114,1.44,2017-10-22,9607586.96,small,conventional,2017
115,1.58,2017-10-15,8769357.86,small,conventional,2017
116,1.65,2017-10-08,8911144.2,small,conventional,2017
117,1.64,2017-10-01,8342407.59,small,conventional,2017
118,1.62,2017-09-24,8652381.39,small,conventional,2017
119,1.57,2017-09-17,9153158.54,small,conventional,2017
120,1.56,2017-09-10,9496485.27,small,conventional,2017
121,1.57,2017-09-03,9775062.87,small,conventional,2017
122,1.47,2017-08-27,10735709.61,small,conventional,2017
123,1.41,2017-08-20,10507928.78,small,conventional,2017
124,1.33,2017-08-13,10952703.84,small,conventional,2017
125,1.33,2017-08-06,11292580.44,small,conventional,2017
126,1.32,2017-07-30,11112191.11,small,conventional,2017
127,1.31,2017-07-23,11391055.98,small,conventional,2017
128,1.33,2017-07-16,11155465.9,small,conventional,2017
129,1.17,2017-07-09,13009944.14,small,conventional,2017
130,1.21,2017-07-02,12623188.5,small,conventional,2017
131,1.17,2017-06-25,12901031.63,small,conventional,2017
132,1.18,2017-06-18,12975373.48,small,conventional,2017
133,1.21,2017-06-11,13490545.5,small,conventional,2017
134,1.24,2017-06-04,13248334.78,small,conventional,2017
135,1.28,2017-05-28,12841952.21,small,conventional,2017
136,1.26,2017-05-21,12120948.7,small,conventional,2017
137,1.19,2017-05-14,12807836.17,small,conventional,2017
138,1.09,2017-05-07,17076650.82,small,conventional,2017
139,1.18,2017-04-30,13316594.36,small,conventional,2017
140,1.18,2017-04-23,12236713.41,small,conventional,2017
141,1.23,2017-04-16,12311055.17,small,conventional,2017
142,1.21,2017-04-09,12091315.22,small,conventional,2017
143,1.21,2017-04-02,12245520.55,small,conventional,2017
144,1.24,2017-03-26,11737559.6,small,conventional,2017
145,1.25,2017-03-19,10975689.78,small,conventional,2017
146,1.22,2017-03-12,11228357.23,small,conventional,2017
147,1.13,2017-03-05,11335275.58,small,conventional,2017
148,0.99,2017-02-26,13173668.36,small,conventional,2017
149,0.99,2017-02-19,11321732.4,small,conventional,2017
150,0.87,2017-02-12,15051951.54,small,conventional,2017
151,0.77,2017-02-05,22743616.17,small,conventional,2017
152,0.96,2017-01-29,14034075.77,small,conventional,2017
153,0.94,2017-01-22,14254150.46,small,conventional,2017
154,0.98,2017-01-15,12936858.36,small,conventional,2017
155,0.99,2017-01-08,11809727.7,small,conventional,2017
156,0.89,2017-01-01,12707894.99,small,conventional,2017
157,1.03,2018-03-25,14130799.1,small,conventional,2018
158,1.05,2018-03-18,13707389.51,small,conventional,2018
159,1.09,2018-03-11,14089091.05,small,conventional,2018
160,1.07,2018-03-04,14439547.46,small,conventional,2018
161,1.06,2018-02-25,13829857.87,small,conventional,2018
162,1.08,2018-02-18,13262751.42,small,conventional,2018
163,0.97,2018-02-11,15870677.7,small,conventional,2018
164,0.87,2018-02-04,21620180.9,small,conventional,2018
165,1.09,2018-01-28,14551799.5,small,conventional,2018
166,1.08,2018-01-21,14218843.83,small,conventional,2018
167,1.2,2018-01-14,12600918.24,small,conventional,2018
168,1.13,2018-01-07,13730992.75,small,conventional,2018
169,1.52,2015-12-27,89709.92,small,organic,2015
170,1.53,2015-12-20,93849.3,small,organic,2015
171,1.43,2015-12-13,91837.92,small,organic,2015
172,1.52,2015-12-06,90203.21,small,organic,2015
173,1.5,2015-11-29,79215.51,small,organic,2015
174,1.49,2015-11-22,95222.99,small,organic,2015
175,1.6,2015-11-15,109494.19,small,organic,2015
176,1.54,2015-11-08,167254.55,small,organic,2015
177,1.47,2015-11-01,113380.29,small,organic,2015
178,1.62,2015-10-25,109006.18,small,organic,2015
179,1.71,2015-10-18,108697.64,small,organic,2015
180,1.69,2015-10-11,93015.27,small,organic,2015
181,1.72,2015-10-04,95393.58,small,organic,2015
182,1.75,2015-09-27,114590.38,small,organic,2015
183,1.77,2015-09-20,126318.13,small,organic,2015
184,1.8,2015-09-13,133928.36,small,organic,2015
185,1.78,2015-09-06,132181.77,small,organic,2015
186,1.66,2015-08-30,150924.97,small,organic,2015
187,1.72,2015-08-23,176723.74,small,organic,2015
188,1.75,2015-08-16,150876.8,small,organic,2015
189,1.0,2015-08-09,170184.0,small,organic,2015
190,1.0,2015-08-02,164126.0,small,organic,2015
191,1.0,2015-07-26,169940.0,small,organic,2015
192,1.0,2015-07-19,159752.0,small,organic,2015
193,1.0,2015-07-12,178871.0,small,organic,2015
194,1.0,2015-07-05,205073.0,small,organic,2015
195,1.64,2015-06-28,192182.13,small,organic,2015
196,1.66,2015-06-21,202071.06,small,organic,2015
197,1.68,2015-06-14,203021.68,small,organic,2015
198,1.67,2015-06-07,200483.4,small,organic,2015
199,1.58,2015-05-31,205250.19,small,organic,2015
200,1.59,2015-05-24,234692.14,small,organic,2015
201,1.5,2015-05-17,246278.31,small,organic,2015
202,1.42,2015-05-10,251602.18,small,organic,2015
203,1.37,2015-05-03,323883.65,small,organic,2015
204,1.45,2015-04-26,321733.2,small,organic,2015
205,1.59,2015-04-19,215283.51,small,organic,2015
206,1.53,2015-04-12,202491.27,small,organic,2015
207,1.63,2015-04-05,197746.89,small,organic,2015
208,1.6,2015-03-29,193273.88,small,organic,2015
209,1.49,2015-03-22,237139.46,small,organic,2015
210,1.5,2015-03-15,235569.01,small,organic,2015
211,1.49,2015-03-08,253078.17,small,organic,2015
212,1.4,2015-03-01,361996.84,small,organic,2015
213,1.51,2015-02-22,272594.88,small,organic,2015
214,1.58,2015-02-15,207650.64,small,organic,2015
215,1.48,2015-02-08,215657.99,small,organic,2015
216,1.36,2015-02-01,302561.47,small,organic,2015
217,1.53,2015-01-25,207494.87,small,organic,2015
218,1.42,2015-01-18,254319.58,small,organic,2015
219,1.42,2015-01-11,270966.74,small,organic,2015
220,1.46,2015-01-04,233286.13,small,organic,2015
221,1.34,2016-12-25,93875.25,small,organic,2016
222,1.43,2016-12-18,97661.23,small,organic,2016
223,1.42,2016-12-11,93027.82,small,organic,2016
224,1.56,2016-12-04,106472.53,small,organic,2016
225,1.64,2016-11-27,100240.54,small,organic,2016
226,1.63,2016-11-20,110737.55,small,organic,2016
227,1.7,2016-11-13,110018.79,small,organic,2016
228,1.68,2016-11-06,117317.9,small,organic,2016
229,1.93,2016-10-30,123815.8,small,organic,2016
230,1.63,2016-10-23,131203.12,small,organic,2016
231,1.5,2016-10-16,114303.56,small,organic,2016
232,1.52,2016-10-09,127092.78,small,organic,2016
233,1.71,2016-10-02,131467.24,small,organic,2016
234,1.69,2016-09-25,119993.58,small,organic,2016
235,1.67,2016-09-18,127014.67,small,organic,2016
236,1.52,2016-09-11,144991.21,small,organic,2016
237,1.54,2016-09-04,137842.79,small,organic,2016
238,1.49,2016-08-28,135742.77,small,organic,2016
239,1.51,2016-08-21,177591.96,small,organic,2016
240,1.48,2016-08-14,186697.3,small,organic,2016
241,1.55,2016-08-07,151179.99,small,organic,2016
242,1.58,2016-07-31,156417.33,small,organic,2016
243,1.65,2016-07-24,159151.31,small,organic,2016
244,1.63,2016-07-17,152828.51,small,organic,2016
245,1.51,2016-07-10,152994.7,small,organic,2016
246,1.47,2016-07-03,159903.0,small,organic,2016
247,1.5,2016-06-26,171054.38,small,organic,2016
248,1.45,2016-06-19,166983.45,small,organic,2016
249,1.45,2016-06-12,176286.36,small,organic,2016
250,1.43,2016-06-05,152105.91,small,organic,2016
251,1.41,2016-05-29,137449.41,small,organic,2016
252,1.36,2016-05-22,166883.21,small,organic,2016
253,1.45,2016-05-15,146037.3,small,organic,2016
254,1.3,2016-05-08,132225.28,small,organic,2016
255,1.28,2016-05-01,238992.91,small,organic,2016
256,1.25,2016-04-24,225429.09,small,organic,2016
257,1.38,2016-04-17,115155.65,small,organic,2016
258,1.26,2016-04-10,108747.34,small,organic,2016
259,1.44,2016-04-03,119283.9,small,organic,2016
260,1.44,2016-03-27,112620.05,small,organic,2016
261,1.27,2016-03-20,105069.07,small,organic,2016
262,1.29,2016-03-13,132040.04,small,organic,2016
263,1.28,2016-03-06,127184.88,small,organic,2016
264,1.44,2016-02-28,110120.49,small,organic,2016
265,1.45,2016-02-21,104135.94,small,organic,2016
266,1.37,2016-02-14,102897.63,small,organic,2016
267,1.44,2016-02-07,101408.79,small,organic,2016
268,1.43,2016-01-31,108929.21,small,organic,2016
269,1.41,2016-01-24,99316.69,small,organic,2016
270,1.44,2016-01-17,115992.81,small,organic,2016
271,1.35,2016-01-10,113867.63,small,organic,2016
272,1.43,2016-01-03,124799.63,small,organic,2016
273,1.52,2017-12-31,120545.76,small,organic,2017
274,1.64,2017-12-24,103199.55,small,organic,2017
275,1.57,2017-12-17,94905.86,small,organic,2017
276,1.54,2017-12-10,94279.26,small,organic,2017
277,1.62,2017-12-03,99317.88,small,organic,2017
278,1.72,2017-11-26,77759.93,small,organic,2017
279,1.77,2017-11-19,88110.88,small,organic,2017
280,1.81,2017-11-12,93312.94,small,organic,2017
281,1.82,2017-11-05,88073.16,small,organic,2017
282,1.84,2017-10-29,88668.95,small,organic,2017
283,1.82,2017-10-22,89301.75,small,organic,2017
284,1.85,2017-10-15,103557.18,small,organic,2017
285,1.9,2017-10-08,100744.58,small,organic,2017
286,1.95,2017-10-01,100319.38,small,organic,2017
287,1.94,2017-09-24,116338.61,small,organic,2017
288,2.0,2017-09-17,140979.17,small,organic,2017
289,2.03,2017-09-10,114942.21,small,organic,2017
290,2.06,2017-09-03,113516.0,small,organic,2017
291,2.09,2017-08-27,112812.39,small,organic,2017
292,1.96,2017-08-20,108658.66,small,organic,2017
293,1.88,2017-08-13,98007.24,small,organic,2017
294,1.83,2017-08-06,112592.04,small,organic,2017
295,1.78,2017-07-30,100332.24,small,organic,2017
296,1.76,2017-07-23,113467.66,small,organic,2017
297,1.78,2017-07-16,94267.55,small,organic,2017
298,1.71,2017-07-09,109023.66,small,organic,2017
299,1.74,2017-07-02,128156.1,small,organic,2017
300,1.77,2017-06-25,123317.1,small,organic,2017
301,1.71,2017-06-18,169434.58,small,organic,2017
302,1.56,2017-06-11,160841.97,small,organic,2017
303,1.64,2017-06-04,165665.93,small,organic,2017
304,1.69,2017-05-28,163384.37,small,organic,2017
305,1.71,2017-05-21,166985.41,small,organic,2017
306,1.55,2017-05-14,164697.92,small,organic,2017
307,1.57,2017-05-07,172722.76,small,organic,2017
308,1.68,2017-04-30,199039.61,small,organic,2017
309,1.61,2017-04-23,152604.41,small,organic,2017
310,1.49,2017-04-16,176684.11,small,organic,2017
311,1.43,2017-04-09,148803.12,small,organic,2017
312,1.42,2017-04-02,183101.86,small,organic,2017
313,1.29,2017-03-26,160491.66,small,organic,2017
314,1.5,2017-03-19,172196.56,small,organic,2017
315,1.38,2017-03-12,152896.45,small,organic,2017
316,1.16,2017-03-05,184006.16,small,organic,2017
317,1.21,2017-02-26,150448.17,small,organic,2017
318,1.31,2017-02-19,250591.21,small,organic,2017
319,1.41,2017-02-12,136636.34,small,organic,2017
320,1.36,2017-02-05,136100.39,small,organic,2017
321,1.43,2017-01-29,131808.29,small,organic,2017
322,1.37,2017-01-22,115700.02,small,organic,2017
323,1.44,2017-01-15,121132.79,small,organic,2017
324,1.43,2017-01-08,117721.87,small,organic,2017
325,1.48,2017-01-01,99820.77,small,organic,2017
326,1.55,2018-03-25,121007.94,small,organic,2018
327,1.54,2018-03-18,170801.85,small,organic,2018
328,1.52,2018-03-11,129169.72,small,organic,2018
329,1.52,2018-03-04,142345.03,small,organic,2018
330,1.57,2018-02-25,122912.97,small,organic,2018
331,1.52,2018-02-18,246515.35,small,organic,2018
332,1.56,2018-02-11,98465.26,small,organic,2018
333,1.53,2018-02-04,117922.52,small,organic,2018
334,1.61,2018-01-28,118616.17,small,organic,2018
335,1.63,2018-01-21,108705.28,small,organic,2018
336,1.59,2018-01-14,145680.62,small,organic,2018
337,1.51,2018-01-07,129541.43,small,organic,2018
338,0.95,2015-12-27,10197890.05,large,conventional,2015
339,0.98,2015-12-20,9329861.85,large,conventional,2015
340,0.93,2015-12-13,10805838.91,large,conventional,2015
341,0.89,2015-12-06,12160838.62,large,conventional,2015
342,0.99,2015-11-29,9003178.41,large,conventional,2015
343,0.96,2015-11-22,10389879.59,large,conventional,2015
344,0.92,2015-11-15,11699787.51,large,conventional,2015
345,0.97,2015-11-08,12199657.4,large,conventional,2015
346,0.97,2015-11-01,14229286.82,large,conventional,2015
347,1.04,2015-10-25,11410478.34,large,conventional,2015
348,0.99,2015-10-18,14082539.61,large,conventional,2015
349,1.0,2015-10-11,13326573.45,large,conventional,2015
350,1.02,2015-10-04,13775651.69,large,conventional,2015
351,1.03,2015-09-27,13819912.63,large,conventional,2015
352,1.02,2015-09-20,13846044.56,large,conventional,2015
353,1.03,2015-09-13,14888077.69,large,conventional,2015
354,1.02,2015-09-06,14245598.38,large,conventional,2015
355,1.07,2015-08-30,11995960.83,large,conventional,2015
356,1.08,2015-08-23,12551529.7,large,conventional,2015
357,1.05,2015-08-16,12998327.25,large,conventional,2015
358,1.05,2015-08-09,13926692.62,large,conventional,2015
359,1.09,2015-08-02,12219014.12,large,conventional,2015
360,1.07,2015-07-26,12009228.05,large,conventional,2015
361,1.07,2015-07-19,12605457.17,large,conventional,2015
362,1.07,2015-07-12,12403360.2,large,conventional,2015
363,1.04,2015-07-05,14213650.06,large,conventional,2015
364,1.06,2015-06-28,11505999.24,large,conventional,2015
365,1.02,2015-06-21,13244466.6,large,conventional,2015
366,0.98,2015-06-14,12821015.03,large,conventional,2015
367,1.0,2015-06-07,12582265.21,large,conventional,2015
368,1.03,2015-05-31,11599634.02,large,conventional,2015
369,1.04,2015-05-24,12513821.19,large,conventional,2015
370,1.06,2015-05-17,11003341.22,large,conventional,2015
371,1.02,2015-05-10,13509064.65,large,conventional,2015
372,0.96,2015-05-03,16602589.04,large,conventional,2015
373,1.07,2015-04-26,10867403.08,large,conventional,2015
374,1.03,2015-04-19,12277858.78,large,conventional,2015
375,1.02,2015-04-12,11210544.11,large,conventional,2015
376,1.06,2015-04-05,11526980.36,large,conventional,2015
377,1.04,2015-03-29,11541041.35,large,conventional,2015
378,1.01,2015-03-22,12659784.83,large,conventional,2015
379,1.04,2015-03-15,10634070.76,large,conventional,2015
380,1.02,2015-03-08,10973972.6,large,conventional,2015
381,0.97,2015-03-01,13733124.48,large,conventional,2015
382,1.02,2015-02-22,11354281.64,large,conventional,2015
383,1.03,2015-02-15,9783489.59,large,conventional,2015
384,0.95,2015-02-08,13381347.54,large,conventional,2015
385,0.89,2015-02-01,18956479.74,large,conventional,2015
386,1.04,2015-01-25,10734652.82,large,conventional,2015
387,1.03,2015-01-18,11701947.8,large,conventional,2015
388,1.01,2015-01-11,12134773.38,large,conventional,2015
389,0.95,2015-01-04,13624083.05,large,conventional,2015
390,1.0,2016-12-25,10282925.61,large,conventional,2016
391,0.96,2016-12-18,10339168.2,large,conventional,2016
392,0.98,2016-12-11,9967220.02,large,conventional,2016
393,1.0,2016-12-04,9908982.97,large,conventional,2016
394,1.21,2016-11-27,7337341.77,large,conventional,2016
395,1.27,2016-11-20,8033510.82,large,conventional,2016
396,1.36,2016-11-13,7759608.21,large,conventional,2016
397,1.44,2016-11-06,7126936.31,large,conventional,2016
398,1.43,2016-10-30,6852046.35,large,conventional,2016
399,1.34,2016-10-23,8104522.26,large,conventional,2016
400,1.3,2016-10-16,8855072.75,large,conventional,2016
401,1.27,2016-10-09,9579338.98,large,conventional,2016
402,1.23,2016-10-02,9123897.74,large,conventional,2016
403,1.22,2016-09-25,9255913.78,large,conventional,2016
404,1.15,2016-09-18,9481313.14,large,conventional,2016
405,1.08,2016-09-11,10380438.09,large,conventional,2016
406,1.04,2016-09-04,11083513.46,large,conventional,2016
407,1.09,2016-08-28,10420973.0,large,conventional,2016
408,1.1,2016-08-21,9906498.51,large,conventional,2016
409,1.12,2016-08-14,10879341.61,large,conventional,2016
410,1.15,2016-08-07,10731379.56,large,conventional,2016
411,1.23,2016-07-31,10423957.83,large,conventional,2016
412,1.2,2016-07-24,10795751.15,large,conventional,2016
413,1.15,2016-07-17,10628872.6,large,conventional,2016
414,1.1,2016-07-10,11677528.0,large,conventional,2016
415,1.06,2016-07-03,13315901.42,large,conventional,2016
416,1.04,2016-06-26,12029918.6,large,conventional,2016
417,1.02,2016-06-19,12842698.33,large,conventional,2016
418,1.04,2016-06-12,11533969.83,large,conventional,2016
419,0.97,2016-06-05,13396651.73,large,conventional,2016
420,0.94,2016-05-29,13829591.06,large,conventional,2016
421,0.93,2016-05-22,12981224.42,large,conventional,2016
422,0.89,2016-05-15,14437190.03,large,conventional,2016
423,0.82,2016-05-08,17896391.6,large,conventional,2016
424,0.84,2016-05-01,15899858.37,large,conventional,2016
425,0.87,2016-04-24,14382184.8,large,conventional,2016
426,0.9,2016-04-17,12896366.58,large,conventional,2016
427,0.9,2016-04-10,11538132.36,large,conventional,2016
428,0.94,2016-04-03,11512621.85,large,conventional,2016
429,0.94,2016-03-27,12745266.73,large,conventional,2016
430,0.93,2016-03-20,13727453.57,large,conventional,2016
431,0.93,2016-03-13,13104887.66,large,conventional,2016
432,0.95,2016-03-06,12196587.24,large,conventional,2016
433,0.91,2016-02-28,13210854.56,large,conventional,2016
434,0.94,2016-02-21,12003751.56,large,conventional,2016
435,0.88,2016-02-14,13187973.29,large,conventional,2016
436,0.76,2016-02-07,20470572.61,large,conventional,2016
437,0.93,2016-01-31,13278053.61,large,conventional,2016
438,0.95,2016-01-24,14054367.5,large,conventional,2016
439,0.94,2016-01-17,13832256.04,large,conventional,2016
440,0.93,2016-01-10,13226088.66,large,conventional,2016
441,0.86,2016-01-03,16054083.86,large,conventional,2016
442,0.98,2017-12-31,13197460.59,large,conventional,2017
443,1.18,2017-12-24,8964247.34,large,conventional,2017
444,1.07,2017-12-17,9934618.43,large,conventional,2017
445,1.03,2017-12-10,11659897.51,large,conventional,2017
446,1.09,2017-12-03,10905968.0,large,conventional,2017
447,1.24,2017-11-26,7312239.0,large,conventional,2017
448,1.17,2017-11-19,7847059.0,large,conventional,2017
449,1.15,2017-11-12,9994648.0,large,conventional,2017
450,1.19,2017-11-05,9774987.75,large,conventional,2017
451,1.29,2017-10-29,9803569.58,large,conventional,2017
452,1.44,2017-10-22,8761192.74,large,conventional,2017
453,1.58,2017-10-15,8534404.17,large,conventional,2017
454,1.65,2017-10-08,7609509.9,large,conventional,2017
455,1.64,2017-10-01,8354516.32,large,conventional,2017
456,1.62,2017-09-24,8295761.93,large,conventional,2017
457,1.57,2017-09-17,8328241.87,large,conventional,2017
458,1.56,2017-09-10,8373234.08,large,conventional,2017
459,1.57,2017-09-03,8565265.61,large,conventional,2017
460,1.47,2017-08-27,8587105.6,large,conventional,2017
461,1.41,2017-08-20,8837219.28,large,conventional,2017
462,1.33,2017-08-13,11154310.29,large,conventional,2017
463,1.33,2017-08-06,10988313.58,large,conventional,2017
464,1.32,2017-07-30,11088082.78,large,conventional,2017
465,1.31,2017-07-23,11339580.43,large,conventional,2017
466,1.33,2017-07-16,11202844.97,large,conventional,2017
467,1.17,2017-07-09,11031218.25,large,conventional,2017
468,1.21,2017-07-02,10988734.57,large,conventional,2017
469,1.17,2017-06-25,10805961.74,large,conventional,2017
470,1.18,2017-06-18,11199448.6,large,conventional,2017
471,1.21,2017-06-11,10090861.46,large,conventional,2017
472,1.24,2017-06-04,10157565.24,large,conventional,2017
473,1.28,2017-05-28,10932970.72,large,conventional,2017
474,1.26,2017-05-21,10213231.95,large,conventional,2017
475,1.19,2017-05-14,9717257.8,large,conventional,2017
476,1.09,2017-05-07,13549102.59,large,conventional,2017
477,1.18,2017-04-30,11291149.13,large,conventional,2017
478,1.18,2017-04-23,10224484.11,large,conventional,2017
479,1.23,2017-04-16,10069354.29,large,conventional,2017
480,1.21,2017-04-09,10821096.24,large,conventional,2017
481,1.21,2017-04-02,9733584.68,large,conventional,2017
482,1.24,2017-03-26,9664310.82,large,conventional,2017
483,1.25,2017-03-19,9622711.73,large,conventional,2017
484,1.22,2017-03-12,9575227.17,large,conventional,2017
485,1.13,2017-03-05,10807889.59,large,conventional,2017
486,0.99,2017-02-26,11398142.68,large,conventional,2017
487,0.99,2017-02-19,10351148.2,large,conventional,2017
488,0.87,2017-02-12,12184188.37,large,conventional,2017
489,0.77,2017-02-05,20328161.55,large,conventional,2017
490,0.96,2017-01-29,11683464.54,large,conventional,2017
491,0.94,2017-01-22,14212881.66,large,conventional,2017
492,0.98,2017-01-15,12625665.39,large,conventional,2017
493,0.99,2017-01-08,13856934.7,large,conventional,2017
494,0.89,2017-01-01,14201200.68,large,conventional,2017
495,1.03,2018-03-25,12125711.42,large,conventional,2018
496,1.05,2018-03-18,11061051.69,large,conventional,2018
497,1.09,2018-03-11,10758039.45,large,conventional,2018
498,1.07,2018-03-04,11289307.37,large,conventional,2018
499,1.06,2018-02-25,10415463.59,large,conventional,2018
500,1.08,2018-02-18,10491918.44,large,conventional,2018
501,0.97,2018-02-11,11541844.87,large,conventional,2018
502,0.87,2018-02-04,20445501.03,large,conventional,2018
503,1.09,2018-01-28,12119884.61,large,conventional,2018
504,1.08,2018-01-21,13929702.12,large,conventional,2018
505,1.2,2018-01-14,11866197.84,large,conventional,2018
506,1.13,2018-01-07,10781339.21,large,conventional,2018
507,1.52,2015-12-27,206198.62,large,organic,2015
508,1.53,2015-12-20,205909.13,large,organic,2015
509,1.43,2015-12-13,222314.6,large,organic,2015
510,1.52,2015-12-06,212582.74,large,organic,2015
511,1.5,2015-11-29,208733.32,large,organic,2015
512,1.49,2015-11-22,249686.75,large,organic,2015
513,1.6,2015-11-15,225216.4,large,organic,2015
514,1.54,2015-11-08,249160.89,large,organic,2015
515,1.47,2015-11-01,262559.59,large,organic,2015
516,1.62,2015-10-25,244222.97,large,organic,2015
517,1.71,2015-10-18,224038.49,large,organic,2015
518,1.69,2015-10-11,230653.61,large,organic,2015
519,1.72,2015-10-04,269237.06,large,organic,2015
520,1.75,2015-09-27,238175.26,large,organic,2015
521,1.77,2015-09-20,244950.88,large,organic,2015
522,1.8,2015-09-13,251786.63,large,organic,2015
523,1.78,2015-09-06,271784.99,large,organic,2015
524,1.66,2015-08-30,325442.96,large,organic,2015
525,1.72,2015-08-23,298092.6,large,organic,2015
526,1.75,2015-08-16,310229.77,large,organic,2015
527,1.0,2015-08-09,269330.0,large,organic,2015
528,1.0,2015-08-02,263359.0,large,organic,2015
529,1.0,2015-07-26,266249.0,large,organic,2015
530,1.0,2015-07-19,317728.0,large,organic,2015
531,1.0,2015-07-12,267353.0,large,organic,2015
532,1.0,2015-07-05,304597.0,large,organic,2015
533,1.64,2015-06-28,332739.27,large,organic,2015
534,1.66,2015-06-21,304368.47,large,organic,2015
535,1.68,2015-06-14,278912.22,large,organic,2015
536,1.67,2015-06-07,264482.87,large,organic,2015
537,1.58,2015-05-31,333300.63,large,organic,2015
538,1.59,2015-05-24,293553.99,large,organic,2015
539,1.5,2015-05-17,312193.09,large,organic,2015
540,1.42,2015-05-10,349907.52,large,organic,2015
541,1.37,2015-05-03,380650.64,large,organic,2015
542,1.45,2015-04-26,379382.1,large,organic,2015
543,1.59,2015-04-19,301783.5,large,organic,2015
544,1.53,2015-04-12,428607.3,large,organic,2015
545,1.63,2015-04-05,275595.72,large,organic,2015
546,1.6,2015-03-29,324919.62,large,organic,2015
547,1.49,2015-03-22,320353.82,large,organic,2015
548,1.5,2015-03-15,258475.58,large,organic,2015
549,1.49,2015-03-08,327972.28,large,organic,2015
550,1.4,2015-03-01,275458.57,large,organic,2015
551,1.51,2015-02-22,230342.87,large,organic,2015
552,1.58,2015-02-15,228653.33,large,organic,2015
553,1.48,2015-02-08,273897.84,large,organic,2015
554,1.36,2015-02-01,259286.44,large,organic,2015
555,1.53,2015-01-25,212312.02,large,organic,2015
556,1.42,2015-01-18,311811.01,large,organic,2015
557,1.42,2015-01-11,260971.6,large,organic,2015
558,1.46,2015-01-04,216611.2,large,organic,2015
559,1.34,2016-12-25,250138.66,large,organic,2016
560,1.43,2016-12-18,248598.14,large,organic,2016
561,1.42,2016-12-11,248303.87,large,organic,2016
562,1.56,2016-12-04,242055.86,large,organic,2016
563,1.64,2016-11-27,198874.09,large,organic,2016
564,1.63,2016-11-20,233518.72,large,organic,2016
565,1.7,2016-11-13,257268.83,large,organic,2016
566,1.68,2016-11-06,266018.89,large,organic,2016
567,1.93,2016-10-30,279842.5,large,organic,2016
568,1.63,2016-10-23,241758.21,large,organic,2016
569,1.5,2016-10-16,243788.95,large,organic,2016
570,1.52,2016-10-09,266687.47,large,organic,2016
571,1.71,2016-10-02,272293.48,large,organic,2016
572,1.69,2016-09-25,272553.74,large,organic,2016
573,1.67,2016-09-18,266648.5,large,organic,2016
574,1.52,2016-09-11,334671.53,large,organic,2016
575,1.54,2016-09-04,344378.75,large,organic,2016
576,1.49,2016-08-28,316907.28,large,organic,2016
577,1.51,2016-08-21,308314.91,large,organic,2016
578,1.48,2016-08-14,341463.72,large,organic,2016
579,1.55,2016-08-07,332421.63,large,organic,2016
580,1.58,2016-07-31,328942.12,large,organic,2016
581,1.65,2016-07-24,343780.56,large,organic,2016
582,1.63,2016-07-17,359772.18,large,organic,2016
583,1.51,2016-07-10,355101.22,large,organic,2016
584,1.47,2016-07-03,381527.15,large,organic,2016
585,1.5,2016-06-26,391129.07,large,organic,2016
586,1.45,2016-06-19,445194.49,large,organic,2016
587,1.45,2016-06-12,403561.49,large,organic,2016
588,1.43,2016-06-05,410451.71,large,organic,2016
589,1.41,2016-05-29,468311.32,large,organic,2016
590,1.36,2016-05-22,455336.56,large,organic,2016
591,1.45,2016-05-15,437584.52,large,organic,2016
592,1.3,2016-05-08,443777.31,large,organic,2016
593,1.28,2016-05-01,484383.87,large,organic,2016
594,1.25,2016-04-24,524511.95,large,organic,2016
595,1.38,2016-04-17,388081.34,large,organic,2016
596,1.26,2016-04-10,400281.85,large,organic,2016
597,1.44,2016-04-03,371845.6,large,organic,2016
598,1.44,2016-03-27,338194.18,large,organic,2016
599,1.27,2016-03-20,352698.21,large,organic,2016
600,1.29,2016-03-13,346341.46,large,organic,2016
601,1.28,2016-03-06,351951.65,large,organic,2016
602,1.44,2016-02-28,347488.78,large,organic,2016
603,1.45,2016-02-21,281188.89,large,organic,2016
604,1.37,2016-02-14,306235.69,large,organic,2016
605,1.44,2016-02-07,290813.54,large,organic,2016
606,1.43,2016-01-31,269687.52,large,organic,2016
607,1.41,2016-01-24,270980.88,large,organic,2016
608,1.44,2016-01-17,266824.72,large,organic,2016
609,1.35,2016-01-10,287590.19,large,organic,2016
610,1.43,2016-01-03,246580.95,large,organic,2016
611,1.52,2017-12-31,248123.56,large,organic,2017
612,1.64,2017-12-24,247166.08,large,organic,2017
613,1.57,2017-12-17,248498.73,large,organic,2017
614,1.54,2017-12-10,258003.98,large,organic,2017
615,1.62,2017-12-03,269450.85,large,organic,2017
616,1.72,2017-11-26,204612.15,large,organic,2017
617,1.77,2017-11-19,213230.36,large,organic,2017
618,1.81,2017-11-12,217612.9,large,organic,2017
619,1.82,2017-11-05,244925.18,large,organic,2017
620,1.84,2017-10-29,218858.34,large,organic,2017
621,1.82,2017-10-22,229689.25,large,organic,2017
622,1.85,2017-10-15,218881.54,large,organic,2017
623,1.9,2017-10-08,231652.64,large,organic,2017
624,1.95,2017-10-01,230053.24,large,organic,2017
625,1.94,2017-09-24,237876.77,large,organic,2017
626,2.0,2017-09-17,243233.57,large,organic,2017
627,2.03,2017-09-10,249231.14,large,organic,2017
628,2.06,2017-09-03,256920.07,large,organic,2017
629,2.09,2017-08-27,250861.84,large,organic,2017
630,1.96,2017-08-20,262747.8,large,organic,2017
631,1.88,2017-08-13,230106.14,large,organic,2017
632,1.83,2017-08-06,236015.15,large,organic,2017
633,1.78,2017-07-30,270534.58,large,organic,2017
634,1.76,2017-07-23,317184.04,large,organic,2017
635,1.78,2017-07-16,311432.79,large,organic,2017
636,1.71,2017-07-09,333458.24,large,organic,2017
637,1.74,2017-07-02,360890.48,large,organic,2017
638,1.77,2017-06-25,341073.87,large,organic,2017
639,1.71,2017-06-18,442594.36,large,organic,2017
640,1.56,2017-06-11,339777.07,large,organic,2017
641,1.64,2017-06-04,387057.95,large,organic,2017
642,1.69,2017-05-28,357431.2,large,organic,2017
643,1.71,2017-05-21,351498.5,large,organic,2017
644,1.55,2017-05-14,339920.6,large,organic,2017
645,1.57,2017-05-07,386288.18,large,organic,2017
646,1.68,2017-04-30,421709.78,large,organic,2017
647,1.61,2017-04-23,347557.13,large,organic,2017
648,1.49,2017-04-16,437947.67,large,organic,2017
649,1.43,2017-04-09,362152.44,large,organic,2017
650,1.42,2017-04-02,430841.87,large,organic,2017
651,1.29,2017-03-26,355541.13,large,organic,2017
652,1.5,2017-03-19,411359.03,large,organic,2017
653,1.38,2017-03-12,330081.75,large,organic,2017
654,1.16,2017-03-05,374220.48,large,organic,2017
655,1.21,2017-02-26,368526.18,large,organic,2017
656,1.31,2017-02-19,632101.53,large,organic,2017
657,1.41,2017-02-12,297764.4,large,organic,2017
658,1.36,2017-02-05,314011.26,large,organic,2017
659,1.43,2017-01-29,292584.44,large,organic,2017
660,1.37,2017-01-22,281786.33,large,organic,2017
661,1.44,2017-01-15,280287.84,large,organic,2017
662,1.43,2017-01-08,283532.68,large,organic,2017
663,1.48,2017-01-01,273329.61,large,organic,2017
664,1.55,2018-03-25,342853.1,large,organic,2018
665,1.54,2018-03-18,444949.69,large,organic,2018
666,1.52,2018-03-11,408763.5,large,organic,2018
667,1.52,2018-03-04,390129.5,large,organic,2018
668,1.57,2018-02-25,340374.83,large,organic,2018
669,1.52,2018-02-18,680037.45,large,organic,2018
670,1.56,2018-02-11,270798.27,large,organic,2018
671,1.53,2018-02-04,287724.61,large,organic,2018
672,1.61,2018-01-28,280080.34,large,organic,2018
673,1.63,2018-01-21,259172.13,large,organic,2018
674,1.59,2018-01-14,323669.83,large,organic,2018
675,1.51,2018-01-07,296490.29,large,organic,2018
676,0.95,2015-12-27,1184340.09,extra_large,conventional,2015
677,0.98,2015-12-20,1201020.01,extra_large,conventional,2015
678,0.93,2015-12-13,1016163.17,extra_large,conventional,2015
679,0.89,2015-12-06,931830.63,extra_large,conventional,2015
680,0.99,2015-11-29,731008.41,extra_large,conventional,2015
681,0.96,2015-11-22,804662.83,extra_large,conventional,2015
682,0.92,2015-11-15,815641.54,extra_large,conventional,2015
683,0.97,2015-11-08,1143214.59,extra_large,conventional,2015
684,0.97,2015-11-01,1410928.18,extra_large,conventional,2015
685,1.04,2015-10-25,1188118.95,extra_large,conventional,2015
686,0.99,2015-10-18,1220251.19,extra_large,conventional,2015
687,1.0,2015-10-11,1614282.73,extra_large,conventional,2015
688,1.02,2015-10-04,1209045.07,extra_large,conventional,2015
689,1.03,2015-09-27,1061979.37,extra_large,conventional,2015
690,1.02,2015-09-20,1112405.42,extra_large,conventional,2015
691,1.03,2015-09-13,1118988.92,extra_large,conventional,2015
692,1.02,2015-09-06,1129771.19,extra_large,conventional,2015
693,1.07,2015-08-30,1060352.53,extra_large,conventional,2015
694,1.08,2015-08-23,909284.22,extra_large,conventional,2015
695,1.05,2015-08-16,1143364.58,extra_large,conventional,2015
696,1.05,2015-08-09,1014520.88,extra_large,conventional,2015
697,1.09,2015-08-02,984702.75,extra_large,conventional,2015
698,1.07,2015-07-26,1017157.74,extra_large,conventional,2015
699,1.07,2015-07-19,1154897.34,extra_large,conventional,2015
700,1.07,2015-07-12,980361.75,extra_large,conventional,2015
701,1.04,2015-07-05,1342465.95,extra_large,conventional,2015
702,1.06,2015-06-28,1045832.54,extra_large,conventional,2015
703,1.02,2015-06-21,1326422.56,extra_large,conventional,2015
704,0.98,2015-06-14,1085081.61,extra_large,conventional,2015
705,1.0,2015-06-07,1144715.95,extra_large,conventional,2015
706,1.03,2015-05-31,903908.35,extra_large,conventional,2015
707,1.04,2015-05-24,899779.92,extra_large,conventional,2015
708,1.06,2015-05-17,963549.53,extra_large,conventional,2015
709,1.02,2015-05-10,858145.45,extra_large,conventional,2015
710,0.96,2015-05-03,1118329.5,extra_large,conventional,2015
711,1.07,2015-04-26,889732.2,extra_large,conventional,2015
712,1.03,2015-04-19,1016631.26,extra_large,conventional,2015
713,1.02,2015-04-12,807942.41,extra_large,conventional,2015
714,1.06,2015-04-05,871981.29,extra_large,conventional,2015
715,1.04,2015-03-29,811272.88,extra_large,conventional,2015
716,1.01,2015-03-22,1066385.92,extra_large,conventional,2015
717,1.04,2015-03-15,871575.04,extra_large,conventional,2015
718,1.02,2015-03-08,834009.15,extra_large,conventional,2015
719,0.97,2015-03-01,1070576.07,extra_large,conventional,2015
720,1.02,2015-02-22,937138.85,extra_large,conventional,2015
721,1.03,2015-02-15,845653.52,extra_large,conventional,2015
722,0.95,2015-02-08,737939.45,extra_large,conventional,2015
723,0.89,2015-02-01,1381516.11,extra_large,conventional,2015
724,1.04,2015-01-25,768020.05,extra_large,conventional,2015
725,1.03,2015-01-18,831301.9,extra_large,conventional,2015
726,1.01,2015-01-11,866574.66,extra_large,conventional,2015
727,0.95,2015-01-04,844093.32,extra_large,conventional,2015
728,1.0,2016-12-25,541972.42,extra_large,conventional,2016
729,0.96,2016-12-18,427872.42,extra_large,conventional,2016
730,0.98,2016-12-11,403047.93,extra_large,conventional,2016
731,1.0,2016-12-04,428009.84,extra_large,conventional,2016
732,1.21,2016-11-27,344475.9,extra_large,conventional,2016
733,1.27,2016-11-20,407567.78,extra_large,conventional,2016
734,1.36,2016-11-13,477520.95,extra_large,conventional,2016
735,1.44,2016-11-06,505349.44,extra_large,conventional,2016
736,1.43,2016-10-30,453145.26,extra_large,conventional,2016
737,1.34,2016-10-23,452383.96,extra_large,conventional,2016
738,1.3,2016-10-16,447291.48,extra_large,conventional,2016
739,1.27,2016-10-09,490956.88,extra_large,conventional,2016
740,1.23,2016-10-02,490123.01,extra_large,conventional,2016
741,1.22,2016-09-25,492604.3,extra_large,conventional,2016
742,1.15,2016-09-18,486187.39,extra_large,conventional,2016
743,1.08,2016-09-11,512160.27,extra_large,conventional,2016
744,1.04,2016-09-04,540680.89,extra_large,conventional,2016
745,1.09,2016-08-28,563738.54,extra_large,conventional,2016
746,1.1,2016-08-21,609720.87,extra_large,conventional,2016
747,1.12,2016-08-14,749247.02,extra_large,conventional,2016
748,1.15,2016-08-07,754548.53,extra_large,conventional,2016
749,1.23,2016-07-31,783937.09,extra_large,conventional,2016
750,1.2,2016-07-24,947964.05,extra_large,conventional,2016
751,1.15,2016-07-17,953631.47,extra_large,conventional,2016
752,1.1,2016-07-10,1266433.97,extra_large,conventional,2016
753,1.06,2016-07-03,1761343.08,extra_large,conventional,2016
754,1.04,2016-06-26,1624942.43,extra_large,conventional,2016
755,1.02,2016-06-19,1642735.63,extra_large,conventional,2016
756,1.04,2016-06-12,1607344.08,extra_large,conventional,2016
757,0.97,2016-06-05,1770948.09,extra_large,conventional,2016
758,0.94,2016-05-29,1583495.93,extra_large,conventional,2016
759,0.93,2016-05-22,1640829.4,extra_large,conventional,2016
760,0.89,2016-05-15,1753852.61,extra_large,conventional,2016
761,0.82,2016-05-08,1993645.36,extra_large,conventional,2016
762,0.84,2016-05-01,1414364.49,extra_large,conventional,2016
763,0.87,2016-04-24,1599863.98,extra_large,conventional,2016
764,0.9,2016-04-17,1896149.5,extra_large,conventional,2016
765,0.9,2016-04-10,1666275.13,extra_large,conventional,2016
766,0.94,2016-04-03,1731910.48,extra_large,conventional,2016
767,0.94,2016-03-27,1880231.38,extra_large,conventional,2016
768,0.93,2016-03-20,1773088.87,extra_large,conventional,2016
769,0.93,2016-03-13,1800065.57,extra_large,conventional,2016
770,0.95,2016-03-06,1686475.33,extra_large,conventional,2016
771,0.91,2016-02-28,1560167.75,extra_large,conventional,2016
772,0.94,2016-02-21,1375260.47,extra_large,conventional,2016
773,0.88,2016-02-14,1811090.71,extra_large,conventional,2016
774,0.76,2016-02-07,2546439.11,extra_large,conventional,2016
775,0.93,2016-01-31,1643703.17,extra_large,conventional,2016
776,0.95,2016-01-24,1440380.36,extra_large,conventional,2016
777,0.94,2016-01-17,1419405.62,extra_large,conventional,2016
778,0.93,2016-01-10,1282612.91,extra_large,conventional,2016
779,0.86,2016-01-03,1560068.62,extra_large,conventional,2016
780,0.98,2017-12-31,644837.54,extra_large,conventional,2017
781,1.18,2017-12-24,546373.81,extra_large,conventional,2017
782,1.07,2017-12-17,574089.32,extra_large,conventional,2017
783,1.03,2017-12-10,398348.55,extra_large,conventional,2017
784,1.09,2017-12-03,583801.0,extra_large,conventional,2017
785,1.24,2017-11-26,379637.0,extra_large,conventional,2017
786,1.17,2017-11-19,416186.0,extra_large,conventional,2017
787,1.15,2017-11-12,416643.0,extra_large,conventional,2017
788,1.19,2017-11-05,400250.97,extra_large,conventional,2017
789,1.29,2017-10-29,424755.66,extra_large,conventional,2017
790,1.44,2017-10-22,409598.47,extra_large,conventional,2017
791,1.58,2017-10-15,392119.12,extra_large,conventional,2017
792,1.65,2017-10-08,391832.89,extra_large,conventional,2017
793,1.64,2017-10-01,384794.18,extra_large,conventional,2017
794,1.62,2017-09-24,385004.72,extra_large,conventional,2017
795,1.57,2017-09-17,417270.7,extra_large,conventional,2017
796,1.56,2017-09-10,487926.52,extra_large,conventional,2017
797,1.57,2017-09-03,541902.88,extra_large,conventional,2017
798,1.47,2017-08-27,517541.94,extra_large,conventional,2017
799,1.41,2017-08-20,581074.35,extra_large,conventional,2017
800,1.33,2017-08-13,624963.41,extra_large,conventional,2017
801,1.33,2017-08-06,665312.55,extra_large,conventional,2017
802,1.32,2017-07-30,596676.12,extra_large,conventional,2017
803,1.31,2017-07-23,612242.37,extra_large,conventional,2017
804,1.33,2017-07-16,756103.12,extra_large,conventional,2017
805,1.17,2017-07-09,821964.42,extra_large,conventional,2017
806,1.21,2017-07-02,859889.81,extra_large,conventional,2017
807,1.17,2017-06-25,655965.98,extra_large,conventional,2017
808,1.18,2017-06-18,807107.21,extra_large,conventional,2017
809,1.21,2017-06-11,648410.9,extra_large,conventional,2017
810,1.24,2017-06-04,667066.51,extra_large,conventional,2017
811,1.28,2017-05-28,673384.78,extra_large,conventional,2017
812,1.26,2017-05-21,621603.57,extra_large,conventional,2017
813,1.19,2017-05-14,652973.26,extra_large,conventional,2017
814,1.09,2017-05-07,863471.88,extra_large,conventional,2017
815,1.18,2017-04-30,667996.83,extra_large,conventional,2017
816,1.18,2017-04-23,613507.38,extra_large,conventional,2017
817,1.23,2017-04-16,650017.26,extra_large,conventional,2017
818,1.21,2017-04-09,647969.03,extra_large,conventional,2017
819,1.21,2017-04-02,624709.69,extra_large,conventional,2017
820,1.24,2017-03-26,611105.54,extra_large,conventional,2017
821,1.25,2017-03-19,638217.85,extra_large,conventional,2017
822,1.22,2017-03-12,727233.05,extra_large,conventional,2017
823,1.13,2017-03-05,795173.2,extra_large,conventional,2017
824,0.99,2017-02-26,896761.77,extra_large,conventional,2017
825,0.99,2017-02-19,832906.12,extra_large,conventional,2017
826,0.87,2017-02-12,862322.15,extra_large,conventional,2017
827,0.77,2017-02-05,1664383.09,extra_large,conventional,2017
828,0.96,2017-01-29,818727.02,extra_large,conventional,2017
829,0.94,2017-01-22,908616.41,extra_large,conventional,2017
830,0.98,2017-01-15,579346.52,extra_large,conventional,2017
831,0.99,2017-01-08,539068.39,extra_large,conventional,2017
832,0.89,2017-01-01,549844.57,extra_large,conventional,2017
833,1.03,2018-03-25,758801.12,extra_large,conventional,2018
834,1.05,2018-03-18,645380.85,extra_large,conventional,2018
835,1.09,2018-03-11,707578.82,extra_large,conventional,2018
836,1.07,2018-03-04,571747.72,extra_large,conventional,2018
837,1.06,2018-02-25,724330.16,extra_large,conventional,2018
838,1.08,2018-02-18,552969.73,extra_large,conventional,2018
839,0.97,2018-02-11,652856.58,extra_large,conventional,2018
840,0.87,2018-02-04,1066830.22,extra_large,conventional,2018
841,1.09,2018-01-28,575974.74,extra_large,conventional,2018
842,1.08,2018-01-21,928815.12,extra_large,conventional,2018
843,1.2,2018-01-14,652808.4,extra_large,conventional,2018
844,1.13,2018-01-07,677714.86,extra_large,conventional,2018
845,1.52,2015-12-27,5836.04,extra_large,organic,2015
846,1.53,2015-12-20,8733.11,extra_large,organic,2015
847,1.43,2015-12-13,11645.54,extra_large,organic,2015
848,1.52,2015-12-06,4066.09,extra_large,organic,2015
849,1.5,2015-11-29,3749.48,extra_large,organic,2015
850,1.49,2015-11-22,3686.28,extra_large,organic,2015
851,1.6,2015-11-15,3599.71,extra_large,organic,2015
852,1.54,2015-11-08,4458.45,extra_large,organic,2015
853,1.47,2015-11-01,6583.03,extra_large,organic,2015
854,1.62,2015-10-25,6181.13,extra_large,organic,2015
855,1.71,2015-10-18,5199.73,extra_large,organic,2015
856,1.69,2015-10-11,4792.06,extra_large,organic,2015
857,1.72,2015-10-04,4093.2,extra_large,organic,2015
858,1.75,2015-09-27,4546.66,extra_large,organic,2015
859,1.77,2015-09-20,4880.83,extra_large,organic,2015
860,1.8,2015-09-13,5154.23,extra_large,organic,2015
861,1.78,2015-09-06,5890.57,extra_large,organic,2015
862,1.66,2015-08-30,5569.76,extra_large,organic,2015
863,1.72,2015-08-23,5985.12,extra_large,organic,2015
864,1.75,2015-08-16,6215.26,extra_large,organic,2015
865,1.0,2015-08-09,6905.0,extra_large,organic,2015
866,1.0,2015-08-02,5115.0,extra_large,organic,2015
867,1.0,2015-07-26,4391.0,extra_large,organic,2015
868,1.0,2015-07-19,4758.0,extra_large,organic,2015
869,1.0,2015-07-12,5093.0,extra_large,organic,2015
870,1.0,2015-07-05,6251.0,extra_large,organic,2015
871,1.64,2015-06-28,5956.87,extra_large,organic,2015
872,1.66,2015-06-21,6264.36,extra_large,organic,2015
873,1.68,2015-06-14,6901.71,extra_large,organic,2015
874,1.67,2015-06-07,6286.15,extra_large,organic,2015
875,1.58,2015-05-31,6835.09,extra_large,organic,2015
876,1.59,2015-05-24,6911.26,extra_large,organic,2015
877,1.5,2015-05-17,22024.09,extra_large,organic,2015
878,1.42,2015-05-10,6213.47,extra_large,organic,2015
879,1.37,2015-05-03,8951.77,extra_large,organic,2015
880,1.45,2015-04-26,6150.07,extra_large,organic,2015
881,1.59,2015-04-19,6465.74,extra_large,organic,2015
882,1.53,2015-04-12,6179.48,extra_large,organic,2015
883,1.63,2015-04-05,6434.88,extra_large,organic,2015
884,1.6,2015-03-29,5794.39,extra_large,organic,2015
885,1.49,2015-03-22,5290.59,extra_large,organic,2015
886,1.5,2015-03-15,5308.79,extra_large,organic,2015
887,1.49,2015-03-08,5658.7,extra_large,organic,2015
888,1.4,2015-03-01,5556.02,extra_large,organic,2015
889,1.51,2015-02-22,4883.55,extra_large,organic,2015
890,1.58,2015-02-15,4950.01,extra_large,organic,2015
891,1.48,2015-02-08,5316.55,extra_large,organic,2015
892,1.36,2015-02-01,5852.28,extra_large,organic,2015
893,1.53,2015-01-25,4753.87,extra_large,organic,2015
894,1.42,2015-01-18,4020.85,extra_large,organic,2015
895,1.42,2015-01-11,3830.42,extra_large,organic,2015
896,1.46,2015-01-04,4370.99,extra_large,organic,2015
897,1.34,2016-12-25,3415.27,extra_large,organic,2016
898,1.43,2016-12-18,4926.76,extra_large,organic,2016
899,1.42,2016-12-11,6116.44,extra_large,organic,2016
900,1.56,2016-12-04,2918.28,extra_large,organic,2016
901,1.64,2016-11-27,3381.69,extra_large,organic,2016
902,1.63,2016-11-20,3847.05,extra_large,organic,2016
903,1.7,2016-11-13,3669.98,extra_large,organic,2016
904,1.68,2016-11-06,5049.63,extra_large,organic,2016
905,1.93,2016-10-30,5661.78,extra_large,organic,2016
906,1.63,2016-10-23,4363.02,extra_large,organic,2016
907,1.5,2016-10-16,4732.27,extra_large,organic,2016
908,1.52,2016-10-09,5103.42,extra_large,organic,2016
909,1.71,2016-10-02,4904.25,extra_large,organic,2016
910,1.69,2016-09-25,4407.75,extra_large,organic,2016
911,1.67,2016-09-18,4597.27,extra_large,organic,2016
912,1.52,2016-09-11,3481.85,extra_large,organic,2016
913,1.54,2016-09-04,4653.04,extra_large,organic,2016
914,1.49,2016-08-28,5110.77,extra_large,organic,2016
915,1.51,2016-08-21,5831.02,extra_large,organic,2016
916,1.48,2016-08-14,10231.17,extra_large,organic,2016
917,1.55,2016-08-07,10707.18,extra_large,organic,2016
918,1.58,2016-07-31,9035.27,extra_large,organic,2016
919,1.65,2016-07-24,8612.44,extra_large,organic,2016
920,1.63,2016-07-17,9957.61,extra_large,organic,2016
921,1.51,2016-07-10,12180.53,extra_large,organic,2016
922,1.47,2016-07-03,11897.11,extra_large,organic,2016
923,1.5,2016-06-26,6763.46,extra_large,organic,2016
924,1.45,2016-06-19,12052.84,extra_large,organic,2016
925,1.45,2016-06-12,8626.89,extra_large,organic,2016
926,1.43,2016-06-05,7817.11,extra_large,organic,2016
927,1.41,2016-05-29,13698.09,extra_large,organic,2016
928,1.36,2016-05-22,15807.85,extra_large,organic,2016
929,1.45,2016-05-15,8120.53,extra_large,organic,2016
930,1.3,2016-05-08,26765.78,extra_large,organic,2016
931,1.28,2016-05-01,22276.6,extra_large,organic,2016
932,1.25,2016-04-24,8687.81,extra_large,organic,2016
933,1.38,2016-04-17,7878.94,extra_large,organic,2016
934,1.26,2016-04-10,12154.73,extra_large,organic,2016
935,1.44,2016-04-03,8628.68,extra_large,organic,2016
936,1.44,2016-03-27,7738.95,extra_large,organic,2016
937,1.27,2016-03-20,9425.64,extra_large,organic,2016
938,1.29,2016-03-13,6709.65,extra_large,organic,2016
939,1.28,2016-03-06,5698.2,extra_large,organic,2016
940,1.44,2016-02-28,10423.3,extra_large,organic,2016
941,1.45,2016-02-21,8629.03,extra_large,organic,2016
942,1.37,2016-02-14,6955.69,extra_large,organic,2016
943,1.44,2016-02-07,8028.75,extra_large,organic,2016
944,1.43,2016-01-31,5515.91,extra_large,organic,2016
945,1.41,2016-01-24,12933.97,extra_large,organic,2016
946,1.44,2016-01-17,13106.29,extra_large,organic,2016
947,1.35,2016-01-10,8771.79,extra_large,organic,2016
948,1.43,2016-01-03,7749.4,extra_large,organic,2016
949,1.52,2017-12-31,1279.48,extra_large,organic,2017
